Nome,Telefone,Data de Ida ao Estabelecimento
Elizabeth Thompson,+1-745-655-6536x7820,2024-12-27
Elizabeth Thompson,+1-745-655-6536x7820,2024-03-19
Elizabeth Thompson,+1-745-655-6536x7820,2024-12-20
Elizabeth Thompson,+1-745-655-6536x7820,2024-08-23
Elizabeth Thompson,+1-745-655-6536x7820,2024-02-25
Elizabeth Thompson,+1-745-655-6536x7820,2024-01-19
Elizabeth Thompson,+1-745-655-6536x7820,2024-03-08
Lindsay Brewer,673-862-6816,2024-12-15
Lindsay Brewer,673-862-6816,2024-06-11
Gregory Castro,(991)374-8446,2024-10-13
Gregory Castro,(991)374-8446,2024-01-27
Gregory Castro,(991)374-8446,2024-05-04
Gregory Castro,(991)374-8446,2024-03-08
Gregory Castro,(991)374-8446,2024-09-21
Gregory Castro,(991)374-8446,2024-05-31
Gregory Castro,(991)374-8446,2024-05-16
Rachel Paul,852-318-1424x703,2024-06-30
Rachel Paul,852-318-1424x703,2024-03-15
Rachel Paul,852-318-1424x703,2024-03-09
Rachel Paul,852-318-1424x703,2024-01-02
Rachel Paul,852-318-1424x703,2024-01-07
Rachel Paul,852-318-1424x703,2024-04-01
Rachel Paul,852-318-1424x703,2024-03-13
Lisa Bruce,+1-973-384-2213x0495,2024-06-05
Lisa Bruce,+1-973-384-2213x0495,2024-09-19
Lisa Bruce,+1-973-384-2213x0495,2024-01-09
Patricia Hughes,001-756-777-1425x22619,2024-09-27
Patricia Hughes,001-756-777-1425x22619,2024-10-31
Patricia Hughes,001-756-777-1425x22619,2024-05-17
Patricia Hughes,001-756-777-1425x22619,2024-10-29
Patricia Hughes,001-756-777-1425x22619,2024-01-12
Patricia Hughes,001-756-777-1425x22619,2024-12-24
Patricia Hughes,001-756-777-1425x22619,2024-05-09
Patricia Hughes,001-756-777-1425x22619,2024-05-28
Nicole Smith,+1-995-861-3708,2024-12-13
Nicole Smith,+1-995-861-3708,2024-01-20
Nicole Smith,+1-995-861-3708,2024-04-18
Nicole Smith,+1-995-861-3708,2024-08-10
Nicole Smith,+1-995-861-3708,2024-09-16
Nicole Smith,+1-995-861-3708,2024-02-09
Nicole Smith,+1-995-861-3708,2024-10-29
Nicole Smith,+1-995-861-3708,2024-10-06
Nicole Smith,+1-995-861-3708,2024-11-30
Nicole Smith,+1-995-861-3708,2024-09-18
Jessica Baldwin,889.316.3138,2024-09-27
Jessica Baldwin,889.316.3138,2024-01-29
Jessica Baldwin,889.316.3138,2024-08-04
Jessica Baldwin,889.316.3138,2024-04-06
Jessica Baldwin,889.316.3138,2024-11-12
Jessica Baldwin,889.316.3138,2024-03-06
Jessica Baldwin,889.316.3138,2024-08-20
Jessica Baldwin,889.316.3138,2024-09-18
Jessica Baldwin,889.316.3138,2024-10-01
Laura Moore,6603264830,2024-03-28
Laura Moore,6603264830,2024-12-24
Laura Moore,6603264830,2024-07-24
Zachary Kline,492-261-4958,2024-03-09
Hunter Garcia,+1-849-804-2657x4327,2024-06-01
Hunter Garcia,+1-849-804-2657x4327,2024-09-03
Hunter Garcia,+1-849-804-2657x4327,2024-07-25
Hunter Garcia,+1-849-804-2657x4327,2024-12-18
Hunter Garcia,+1-849-804-2657x4327,2024-02-11
Hunter Garcia,+1-849-804-2657x4327,2024-02-17
Hunter Garcia,+1-849-804-2657x4327,2024-02-05
Hunter Garcia,+1-849-804-2657x4327,2024-08-13
Hunter Garcia,+1-849-804-2657x4327,2024-05-07
Juan Mercado,001-529-794-4828x938,2024-04-11
Juan Mercado,001-529-794-4828x938,2024-08-14
Juan Mercado,001-529-794-4828x938,2024-10-16
Juan Mercado,001-529-794-4828x938,2024-05-23
Juan Mercado,001-529-794-4828x938,2024-10-23
Juan Mercado,001-529-794-4828x938,2024-01-28
Juan Mercado,001-529-794-4828x938,2024-12-08
William Garcia,844-494-0819,2024-06-22
William Garcia,844-494-0819,2024-08-16
William Garcia,844-494-0819,2024-09-21
William Garcia,844-494-0819,2024-10-27
William Garcia,844-494-0819,2024-12-27
William Garcia,844-494-0819,2024-12-29
William Garcia,844-494-0819,2024-09-22
William Garcia,844-494-0819,2024-12-06
William Garcia,844-494-0819,2024-02-25
Jeffrey Cummings,250-748-8398x0496,2024-06-03
Jeffrey Cummings,250-748-8398x0496,2024-04-25
Jeffrey Cummings,250-748-8398x0496,2024-11-14
Jeffrey Cummings,250-748-8398x0496,2024-08-31
Jesse Simpson,+1-538-692-0372,2024-07-28
Destiny Salazar,7304391854,2024-10-31
Destiny Salazar,7304391854,2024-10-06
Destiny Salazar,7304391854,2024-02-28
Regina Novak,001-362-557-5786x44767,2024-01-16
Regina Novak,001-362-557-5786x44767,2024-08-20
Regina Novak,001-362-557-5786x44767,2024-07-18
Regina Novak,001-362-557-5786x44767,2024-12-16
Regina Novak,001-362-557-5786x44767,2024-10-07
Regina Novak,001-362-557-5786x44767,2024-11-17
Stacey Greene,001-591-234-3384x3929,2024-03-21
Stacey Greene,001-591-234-3384x3929,2024-02-10
Stacey Greene,001-591-234-3384x3929,2024-11-30
James Harrington,001-201-857-6727x503,2024-11-30
James Harrington,001-201-857-6727x503,2024-03-20
James Harrington,001-201-857-6727x503,2024-09-17
James Harrington,001-201-857-6727x503,2024-11-03
James Harrington,001-201-857-6727x503,2024-01-14
Maurice Smith,(964)597-4685x65986,2024-04-24
Maurice Smith,(964)597-4685x65986,2024-07-24
Maurice Smith,(964)597-4685x65986,2024-06-05
Maurice Smith,(964)597-4685x65986,2024-09-15
Maurice Smith,(964)597-4685x65986,2024-02-08
Maurice Smith,(964)597-4685x65986,2024-05-06
Maurice Smith,(964)597-4685x65986,2024-04-12
Maurice Smith,(964)597-4685x65986,2024-12-24
Maurice Smith,(964)597-4685x65986,2024-03-27
Maurice Smith,(964)597-4685x65986,2024-03-03
Glen Cox,(215)231-7643x578,2024-04-19
Glen Cox,(215)231-7643x578,2024-01-26
Glen Cox,(215)231-7643x578,2024-12-19
Glen Cox,(215)231-7643x578,2024-11-17
Tyler Andrews,(664)544-6698,2024-07-18
Kimberly Callahan,955.313.8693,2024-01-19
Kimberly Callahan,955.313.8693,2024-12-19
Kimberly Callahan,955.313.8693,2024-03-08
Kimberly Callahan,955.313.8693,2024-02-10
Kimberly Callahan,955.313.8693,2024-01-03
Kimberly Callahan,955.313.8693,2024-09-02
Kimberly Callahan,955.313.8693,2024-01-19
Kimberly Callahan,955.313.8693,2024-07-19
Kimberly Callahan,955.313.8693,2024-03-17
Kimberly Goodman,645-889-4010x27456,2024-08-03
Kimberly Goodman,645-889-4010x27456,2024-04-13
Kimberly Goodman,645-889-4010x27456,2024-12-29
Kimberly Goodman,645-889-4010x27456,2024-08-16
Kimberly Goodman,645-889-4010x27456,2024-11-13
Kimberly Goodman,645-889-4010x27456,2024-06-20
Kimberly Goodman,645-889-4010x27456,2024-11-11
Kimberly Goodman,645-889-4010x27456,2024-08-29
Michael King,816-215-0462,2024-04-03
Michael King,816-215-0462,2024-09-20
Michael King,816-215-0462,2024-03-13
Michael King,816-215-0462,2024-04-21
Michael King,816-215-0462,2024-05-25
Eric Lloyd,494-513-6574,2024-08-29
Eric Lloyd,494-513-6574,2024-07-15
Eric Lloyd,494-513-6574,2024-09-19
Eric Lloyd,494-513-6574,2024-10-30
Eric Lloyd,494-513-6574,2024-05-27
Eric Lloyd,494-513-6574,2024-11-24
Eric Lloyd,494-513-6574,2024-11-29
Eric Lloyd,494-513-6574,2024-01-08
Eric Lloyd,494-513-6574,2024-12-27
Hunter Boyd,352-383-7634,2024-09-15
Hunter Boyd,352-383-7634,2024-10-31
Hunter Boyd,352-383-7634,2024-06-02
Hunter Boyd,352-383-7634,2024-02-08
Hunter Boyd,352-383-7634,2024-11-21
Hunter Boyd,352-383-7634,2024-07-25
Hunter Boyd,352-383-7634,2024-03-25
Hunter Boyd,352-383-7634,2024-02-20
Mark Miller,001-562-246-7698x72501,2024-05-08
Mark Miller,001-562-246-7698x72501,2024-06-29
Mark Miller,001-562-246-7698x72501,2024-11-29
Mark Miller,001-562-246-7698x72501,2024-08-24
Mark Miller,001-562-246-7698x72501,2024-06-26
Mark Miller,001-562-246-7698x72501,2024-11-07
Mark Miller,001-562-246-7698x72501,2024-06-19
Lori Thomas,644-232-4662,2024-07-27
Lori Thomas,644-232-4662,2024-12-20
Kathleen Powell,001-750-447-2198x05906,2024-05-31
Kathleen Powell,001-750-447-2198x05906,2024-04-14
Kathleen Powell,001-750-447-2198x05906,2024-03-24
Laura Smith,506-959-1091x48311,2024-10-04
Laura Smith,506-959-1091x48311,2024-11-20
Laura Smith,506-959-1091x48311,2024-01-01
Laura Smith,506-959-1091x48311,2024-12-31
Laura Smith,506-959-1091x48311,2024-11-07
Laura Smith,506-959-1091x48311,2024-07-10
Laura Smith,506-959-1091x48311,2024-01-06
Laura Smith,506-959-1091x48311,2024-07-03
Laura Smith,506-959-1091x48311,2024-07-28
Melissa King,729-353-1251x475,2024-02-18
Melissa King,729-353-1251x475,2024-11-20
Melissa King,729-353-1251x475,2024-05-07
Melissa King,729-353-1251x475,2024-08-25
Melissa King,729-353-1251x475,2024-07-23
Melissa King,729-353-1251x475,2024-04-22
Kimberly Meza,(377)364-3993x718,2024-03-05
Kimberly Meza,(377)364-3993x718,2024-09-20
Kimberly Meza,(377)364-3993x718,2024-01-15
Kimberly Meza,(377)364-3993x718,2024-09-06
Kimberly Meza,(377)364-3993x718,2024-07-29
Kimberly Meza,(377)364-3993x718,2024-03-20
Kimberly Meza,(377)364-3993x718,2024-08-11
Kimberly Meza,(377)364-3993x718,2024-04-10
Kimberly Meza,(377)364-3993x718,2024-07-09
Shannon Taylor,4266096751,2024-12-12
Shannon Taylor,4266096751,2024-12-02
Shannon Taylor,4266096751,2024-01-10
Shannon Taylor,4266096751,2024-07-18
Shannon Taylor,4266096751,2024-04-14
Shannon Taylor,4266096751,2024-03-22
Shannon Taylor,4266096751,2024-04-10
Andrea Brown,001-329-612-9884x76708,2024-06-25
Andrea Brown,001-329-612-9884x76708,2024-04-24
Andrea Brown,001-329-612-9884x76708,2024-08-04
Andrea Brown,001-329-612-9884x76708,2024-08-29
Madison Miller,228-777-0507,2024-03-07
Madison Miller,228-777-0507,2024-07-24
Madison Miller,228-777-0507,2024-03-13
Madison Miller,228-777-0507,2024-10-04
Madison Miller,228-777-0507,2024-07-06
Madison Miller,228-777-0507,2024-01-26
Madison Miller,228-777-0507,2024-08-23
Madison Miller,228-777-0507,2024-04-06
Madison Miller,228-777-0507,2024-03-28
Madison Miller,228-777-0507,2024-01-30
David Stephens,5522002222,2024-07-27
David Stephens,5522002222,2024-01-30
David Stephens,5522002222,2024-02-20
David Stephens,5522002222,2024-07-21
David Stephens,5522002222,2024-05-23
David Stephens,5522002222,2024-03-04
David Stephens,5522002222,2024-09-10
David Stephens,5522002222,2024-02-04
David Stephens,5522002222,2024-01-13
Peter Price,940-349-6858x264,2024-05-05
Peter Price,940-349-6858x264,2024-02-05
Peter Price,940-349-6858x264,2024-01-17
Peter Price,940-349-6858x264,2024-09-25
Katherine Martinez,747-738-8565,2024-04-16
Katherine Martinez,747-738-8565,2024-04-12
Katherine Martinez,747-738-8565,2024-01-05
Katherine Martinez,747-738-8565,2024-10-05
Katherine Martinez,747-738-8565,2024-11-21
Katherine Martinez,747-738-8565,2024-05-29
Aaron Jones,228.307.4532x1853,2024-05-22
Aaron Jones,228.307.4532x1853,2024-01-14
Aaron Jones,228.307.4532x1853,2024-08-21
Aaron Jones,228.307.4532x1853,2024-01-22
Aaron Jones,228.307.4532x1853,2024-12-11
Aaron Jones,228.307.4532x1853,2024-12-17
Aaron Jones,228.307.4532x1853,2024-11-08
John Castro,+1-821-409-3754x8425,2024-05-24
John Castro,+1-821-409-3754x8425,2024-03-20
John Castro,+1-821-409-3754x8425,2024-04-03
Lori Perez,719.865.6518x778,2024-02-14
Lori Perez,719.865.6518x778,2024-09-11
Lori Perez,719.865.6518x778,2024-10-29
Lori Perez,719.865.6518x778,2024-05-03
Jacob Quinn,378.898.1196x974,2024-03-15
Jacob Quinn,378.898.1196x974,2024-09-02
Jacob Quinn,378.898.1196x974,2024-02-02
Christy Ray,895-271-1036,2024-06-21
Christy Ray,895-271-1036,2024-09-26
Christy Ray,895-271-1036,2024-03-18
Christy Ray,895-271-1036,2024-10-02
Christy Ray,895-271-1036,2024-02-27
Christopher Hobbs,(804)870-3062,2024-11-16
Christopher Hobbs,(804)870-3062,2024-01-08
Margaret Hendrix,939-900-2571,2024-05-15
Margaret Hendrix,939-900-2571,2024-02-05
Margaret Hendrix,939-900-2571,2024-09-06
Margaret Hendrix,939-900-2571,2024-11-03
Joseph Gallegos,638.822.6164x48048,2024-04-20
Joseph Gallegos,638.822.6164x48048,2024-01-24
Joseph Gallegos,638.822.6164x48048,2024-09-18
Joseph Gallegos,638.822.6164x48048,2024-06-09
Joseph Gallegos,638.822.6164x48048,2024-06-14
Joseph Gallegos,638.822.6164x48048,2024-06-19
Joseph Gallegos,638.822.6164x48048,2024-06-02
Joseph Gallegos,638.822.6164x48048,2024-12-07
Brandy Cox,6145609550,2024-11-21
Brandy Cox,6145609550,2024-03-07
Brandy Cox,6145609550,2024-06-08
Brandy Cox,6145609550,2024-01-30
Brandy Cox,6145609550,2024-04-18
Brandy Cox,6145609550,2024-08-06
Brandy Cox,6145609550,2024-08-17
Brandy Cox,6145609550,2024-03-22
Brandy Cox,6145609550,2024-03-02
Tammy Wood,625-413-1548x1889,2024-08-26
Tammy Wood,625-413-1548x1889,2024-12-13
Tammy Wood,625-413-1548x1889,2024-02-06
Tammy Wood,625-413-1548x1889,2024-06-14
Tammy Wood,625-413-1548x1889,2024-09-26
Tammy Wood,625-413-1548x1889,2024-02-04
Tammy Wood,625-413-1548x1889,2024-05-20
Tammy Wood,625-413-1548x1889,2024-09-25
Tammy Wood,625-413-1548x1889,2024-03-19
Tammy Wood,625-413-1548x1889,2024-10-23
Jason Hartman,(745)470-0809,2024-09-05
Jason Hartman,(745)470-0809,2024-02-09
Jason Hartman,(745)470-0809,2024-07-25
Jason Hartman,(745)470-0809,2024-11-01
Jason Hartman,(745)470-0809,2024-08-02
Donna Brown,(433)294-7583x340,2024-08-19
Donna Brown,(433)294-7583x340,2024-03-02
Donna Brown,(433)294-7583x340,2024-05-25
Donna Brown,(433)294-7583x340,2024-02-16
Donna Brown,(433)294-7583x340,2024-02-19
Donna Brown,(433)294-7583x340,2024-01-04
Donna Brown,(433)294-7583x340,2024-02-07
Amy Kelley,233.648.3137,2024-09-30
Amy Kelley,233.648.3137,2024-07-19
Amy Kelley,233.648.3137,2024-08-06
Amy Kelley,233.648.3137,2024-09-26
Amy Kelley,233.648.3137,2024-04-24
Amy Kelley,233.648.3137,2024-05-12
Cynthia Crosby,(409)702-9681x75464,2024-11-19
Cynthia Crosby,(409)702-9681x75464,2024-04-29
Cynthia Crosby,(409)702-9681x75464,2024-02-26
Cynthia Crosby,(409)702-9681x75464,2024-04-10
Cynthia Crosby,(409)702-9681x75464,2024-06-27
Sandra Walton,762.493.1381x4195,2024-05-10
Sandra Walton,762.493.1381x4195,2024-08-30
Sandra Walton,762.493.1381x4195,2024-08-27
Jennifer Brown,605.812.1330x4183,2024-06-01
Jennifer Brown,605.812.1330x4183,2024-06-01
Jennifer Brown,605.812.1330x4183,2024-01-04
Jennifer Brown,605.812.1330x4183,2024-09-01
Jennifer Brown,605.812.1330x4183,2024-11-23
Jennifer Brown,605.812.1330x4183,2024-12-25
Jennifer Brown,605.812.1330x4183,2024-07-11
Jennifer Brown,605.812.1330x4183,2024-12-29
Melissa Gill,001-392-437-3056x724,2024-10-06
Melissa Gill,001-392-437-3056x724,2024-04-09
Melissa Gill,001-392-437-3056x724,2024-05-31
Melissa Gill,001-392-437-3056x724,2024-06-09
Melissa Gill,001-392-437-3056x724,2024-09-24
Melissa Gill,001-392-437-3056x724,2024-05-12
John Ramirez,(820)834-6674x1100,2024-01-31
John Ramirez,(820)834-6674x1100,2024-08-27
John Ramirez,(820)834-6674x1100,2024-11-21
John Ramirez,(820)834-6674x1100,2024-11-18
Ryan Johnston,(811)797-4959x771,2024-12-16
Amber Edwards,593.499.6398x80928,2024-03-09
Amber Edwards,593.499.6398x80928,2024-11-12
Amber Edwards,593.499.6398x80928,2024-02-09
Amber Edwards,593.499.6398x80928,2024-05-27
Amber Edwards,593.499.6398x80928,2024-12-27
Amber Edwards,593.499.6398x80928,2024-06-05
Amber Edwards,593.499.6398x80928,2024-12-14
John Franco,(348)647-6930x829,2024-12-23
John Franco,(348)647-6930x829,2024-07-09
John Franco,(348)647-6930x829,2024-12-03
John Franco,(348)647-6930x829,2024-01-29
Amanda Weeks,001-800-428-1424x246,2024-08-08
Amanda Weeks,001-800-428-1424x246,2024-09-23
Amanda Weeks,001-800-428-1424x246,2024-06-21
Amanda Weeks,001-800-428-1424x246,2024-07-13
Amanda Weeks,001-800-428-1424x246,2024-01-06
Amanda Weeks,001-800-428-1424x246,2024-04-03
Richard Morales,+1-494-208-5758,2024-01-24
Richard Morales,+1-494-208-5758,2024-05-25
Richard Morales,+1-494-208-5758,2024-04-04
Richard Morales,+1-494-208-5758,2024-08-30
Richard Morales,+1-494-208-5758,2024-10-03
Richard Morales,+1-494-208-5758,2024-09-27
Richard Morales,+1-494-208-5758,2024-01-18
Richard Morales,+1-494-208-5758,2024-02-22
Richard Morales,+1-494-208-5758,2024-08-09
Richard Morales,+1-494-208-5758,2024-09-24
Leslie Crosby,809-255-7683x84658,2024-09-20
Perry Sanders,788-219-3691x3179,2024-05-17
Perry Sanders,788-219-3691x3179,2024-01-12
Sarah Rocha,921-588-5217x78745,2024-01-08
Sarah Rocha,921-588-5217x78745,2024-07-31
Sarah Rocha,921-588-5217x78745,2024-10-20
William Weber,338.649.4886x1194,2024-05-27
William Weber,338.649.4886x1194,2024-06-19
William Weber,338.649.4886x1194,2024-11-26
William Weber,338.649.4886x1194,2024-11-15
William Weber,338.649.4886x1194,2024-08-27
William Weber,338.649.4886x1194,2024-07-08
William Weber,338.649.4886x1194,2024-10-23
William Weber,338.649.4886x1194,2024-02-15
William Weber,338.649.4886x1194,2024-10-26
Rebecca White,627.656.3917x202,2024-04-07
Rebecca White,627.656.3917x202,2024-02-15
Rebecca White,627.656.3917x202,2024-01-31
Jeffrey Lee,001-943-755-9871x291,2024-02-20
Jeffrey Lee,001-943-755-9871x291,2024-11-21
Jeffrey Lee,001-943-755-9871x291,2024-04-08
Jeffrey Lee,001-943-755-9871x291,2024-05-16
Jeffrey Lee,001-943-755-9871x291,2024-04-19
Jeffrey Lee,001-943-755-9871x291,2024-06-30
Jeffrey Lee,001-943-755-9871x291,2024-08-19
Tracy Miller,775.405.9043,2024-10-02
Tracy Miller,775.405.9043,2024-09-13
Tracy Miller,775.405.9043,2024-09-13
Tracy Miller,775.405.9043,2024-09-29
Tracy Miller,775.405.9043,2024-10-24
Tracy Miller,775.405.9043,2024-03-17
Mariah Clark,499.737.0306,2024-10-19
Mariah Clark,499.737.0306,2024-04-12
Mariah Clark,499.737.0306,2024-07-30
Mariah Clark,499.737.0306,2024-04-07
Shelby Wood,932-216-2272,2024-08-05
Shelby Wood,932-216-2272,2024-07-30
Shelby Wood,932-216-2272,2024-03-07
Shelby Wood,932-216-2272,2024-08-31
Shelby Wood,932-216-2272,2024-12-02
Shelby Wood,932-216-2272,2024-04-04
Shelby Wood,932-216-2272,2024-06-13
Shelby Wood,932-216-2272,2024-12-14
Shelby Wood,932-216-2272,2024-09-23
Shelby Wood,932-216-2272,2024-12-08
Steven Rodriguez,001-351-552-7787,2024-07-07
Steven Rodriguez,001-351-552-7787,2024-08-17
Steven Rodriguez,001-351-552-7787,2024-03-26
Steven Rodriguez,001-351-552-7787,2024-03-01
Steven Rodriguez,001-351-552-7787,2024-10-11
Steven Rodriguez,001-351-552-7787,2024-06-30
Steven Rodriguez,001-351-552-7787,2024-06-13
Steven Rodriguez,001-351-552-7787,2024-03-25
Michael Allen,309-504-7102x2249,2024-01-30
Michael Allen,309-504-7102x2249,2024-07-21
Michael Allen,309-504-7102x2249,2024-09-11
Michael Allen,309-504-7102x2249,2024-02-17
Michael Allen,309-504-7102x2249,2024-03-17
Michael Allen,309-504-7102x2249,2024-09-03
Michael Allen,309-504-7102x2249,2024-02-09
Michael Allen,309-504-7102x2249,2024-05-14
Michael Allen,309-504-7102x2249,2024-08-07
Michael Allen,309-504-7102x2249,2024-01-15
Sara Russell,001-277-689-3139x9536,2024-09-09
Sara Russell,001-277-689-3139x9536,2024-08-10
Sara Russell,001-277-689-3139x9536,2024-01-13
Sara Russell,001-277-689-3139x9536,2024-12-20
Sara Russell,001-277-689-3139x9536,2024-06-22
Sara Russell,001-277-689-3139x9536,2024-08-08
Sara Russell,001-277-689-3139x9536,2024-11-04
Sara Russell,001-277-689-3139x9536,2024-09-06
Sara Russell,001-277-689-3139x9536,2024-12-28
Sara Russell,001-277-689-3139x9536,2024-07-01
Richard Wagner,(584)342-9433,2024-03-16
Richard Wagner,(584)342-9433,2024-01-29
Sandra Moon,(511)312-4150x69171,2024-07-08
Amy Gonzales,688.305.4154,2024-05-08
Amy Gonzales,688.305.4154,2024-12-30
Amy Gonzales,688.305.4154,2024-09-11
Amy Gonzales,688.305.4154,2024-11-16
Amy Gonzales,688.305.4154,2024-09-13
Amy Gonzales,688.305.4154,2024-10-20
Mr. Louis Hardin,+1-719-629-5169x0686,2024-04-19
Robert Wilkerson,695-458-2074x14423,2024-05-20
Robert Wilkerson,695-458-2074x14423,2024-12-24
Robert Wilkerson,695-458-2074x14423,2024-12-31
Robert Wilkerson,695-458-2074x14423,2024-10-17
Robert Wilkerson,695-458-2074x14423,2024-03-05
Robert Wilkerson,695-458-2074x14423,2024-08-07
Robert Wilkerson,695-458-2074x14423,2024-05-02
Carrie Lee,570-450-9047x18209,2024-04-03
Carrie Lee,570-450-9047x18209,2024-02-19
Carrie Lee,570-450-9047x18209,2024-03-22
Manuel Pena,+1-911-693-5712x953,2024-07-29
Manuel Pena,+1-911-693-5712x953,2024-05-03
Manuel Pena,+1-911-693-5712x953,2024-04-30
Manuel Pena,+1-911-693-5712x953,2024-06-03
Manuel Pena,+1-911-693-5712x953,2024-07-24
Manuel Pena,+1-911-693-5712x953,2024-06-23
Manuel Pena,+1-911-693-5712x953,2024-08-28
Manuel Pena,+1-911-693-5712x953,2024-04-28
Manuel Pena,+1-911-693-5712x953,2024-09-05
Manuel Pena,+1-911-693-5712x953,2024-04-30
Ashley Logan,593.494.3052x5412,2024-10-06
Ashley Logan,593.494.3052x5412,2024-12-11
Ashley Logan,593.494.3052x5412,2024-04-05
Ashley Logan,593.494.3052x5412,2024-07-07
Ashley Logan,593.494.3052x5412,2024-11-21
Ashley Logan,593.494.3052x5412,2024-04-23
Ashley Logan,593.494.3052x5412,2024-09-14
Ashley Logan,593.494.3052x5412,2024-02-22
Andrew Rodriguez,4825617431,2024-04-01
Andrew Rodriguez,4825617431,2024-03-21
Andrew Rodriguez,4825617431,2024-11-09
Andrew Rodriguez,4825617431,2024-06-30
Andrew Rodriguez,4825617431,2024-12-13
Andrew Rodriguez,4825617431,2024-08-12
Andrew Rodriguez,4825617431,2024-08-09
Andrew Rodriguez,4825617431,2024-06-11
Andrew Rodriguez,4825617431,2024-08-10
Courtney Elliott,001-934-554-5176x95158,2024-01-26
Courtney Elliott,001-934-554-5176x95158,2024-07-24
Courtney Elliott,001-934-554-5176x95158,2024-10-22
Jamie Hopkins,494-263-0851x4517,2024-02-06
Jamie Hopkins,494-263-0851x4517,2024-08-21
Jamie Hopkins,494-263-0851x4517,2024-03-25
Jamie Hopkins,494-263-0851x4517,2024-10-17
Jamie Hopkins,494-263-0851x4517,2024-02-14
Jamie Hopkins,494-263-0851x4517,2024-09-30
Heather Moses,562.206.1252,2024-09-05
Heather Moses,562.206.1252,2024-07-14
Heather Moses,562.206.1252,2024-06-18
Bill Deleon DDS,990-515-9517,2024-07-12
Bill Deleon DDS,990-515-9517,2024-01-26
Bill Deleon DDS,990-515-9517,2024-09-17
Bill Deleon DDS,990-515-9517,2024-04-15
Kyle Martinez,(369)525-9399x203,2024-08-17
Kyle Martinez,(369)525-9399x203,2024-11-03
Kyle Martinez,(369)525-9399x203,2024-03-17
Kyle Martinez,(369)525-9399x203,2024-09-26
James Vazquez,+1-297-586-4092x258,2024-03-29
Patricia Davis,(903)251-6225,2024-04-06
Patricia Davis,(903)251-6225,2024-05-17
Patricia Davis,(903)251-6225,2024-08-23
Patricia Davis,(903)251-6225,2024-08-24
Patricia Davis,(903)251-6225,2024-10-11
Patricia Davis,(903)251-6225,2024-03-09
Patricia Davis,(903)251-6225,2024-09-09
Patricia Davis,(903)251-6225,2024-08-27
Patricia Davis,(903)251-6225,2024-01-26
Bailey Cox,477.550.9269x3949,2024-10-17
Bailey Cox,477.550.9269x3949,2024-02-29
Bailey Cox,477.550.9269x3949,2024-12-07
Bailey Cox,477.550.9269x3949,2024-05-31
Bailey Cox,477.550.9269x3949,2024-02-04
Bailey Cox,477.550.9269x3949,2024-07-08
Alexis Johnson,208-821-6501,2024-08-27
Alexis Johnson,208-821-6501,2024-12-28
Alexis Johnson,208-821-6501,2024-05-09
Robert Medina,662-604-8603x3628,2024-12-03
Robert Medina,662-604-8603x3628,2024-06-08
Robert Medina,662-604-8603x3628,2024-03-15
Katherine Gomez,(231)772-6806,2024-05-20
Katherine Gomez,(231)772-6806,2024-08-20
Katherine Gomez,(231)772-6806,2024-11-14
Katherine Gomez,(231)772-6806,2024-05-31
Katherine Gomez,(231)772-6806,2024-12-16
Katherine Gomez,(231)772-6806,2024-10-16
Katherine Gomez,(231)772-6806,2024-03-04
Katherine Gomez,(231)772-6806,2024-07-11
Sean Woodard,(309)257-1598x2117,2024-02-10
Sean Woodard,(309)257-1598x2117,2024-12-14
Sean Woodard,(309)257-1598x2117,2024-01-01
Sean Woodard,(309)257-1598x2117,2024-08-20
Sean Woodard,(309)257-1598x2117,2024-06-16
Sean Woodard,(309)257-1598x2117,2024-08-03
Sean Woodard,(309)257-1598x2117,2024-10-04
Sean Woodard,(309)257-1598x2117,2024-11-02
Sean Woodard,(309)257-1598x2117,2024-04-20
Susan Mclaughlin,+1-300-624-3743,2024-11-17
Susan Mclaughlin,+1-300-624-3743,2024-11-01
Susan Mclaughlin,+1-300-624-3743,2024-07-14
Susan Mclaughlin,+1-300-624-3743,2024-06-17
Susan Mclaughlin,+1-300-624-3743,2024-03-12
Susan Mclaughlin,+1-300-624-3743,2024-07-21
Susan Mclaughlin,+1-300-624-3743,2024-12-22
Susan Mclaughlin,+1-300-624-3743,2024-05-15
Susan Mclaughlin,+1-300-624-3743,2024-02-18
Tyler Rogers,345-742-4496,2024-07-17
Tyler Rogers,345-742-4496,2024-12-26
Tyler Rogers,345-742-4496,2024-01-28
Tyler Rogers,345-742-4496,2024-11-12
Tyler Rogers,345-742-4496,2024-11-22
Tyler Rogers,345-742-4496,2024-04-06
Tyler Rogers,345-742-4496,2024-04-15
Tyler Rogers,345-742-4496,2024-04-30
Mary Schneider,001-862-685-1777x501,2024-01-22
Mary Schneider,001-862-685-1777x501,2024-10-13
Mary Schneider,001-862-685-1777x501,2024-10-06
Mary Schneider,001-862-685-1777x501,2024-05-13
Mary Schneider,001-862-685-1777x501,2024-01-07
Mary Schneider,001-862-685-1777x501,2024-01-02
Mary Schneider,001-862-685-1777x501,2024-11-12
Jonathan Burns,271-533-9055x257,2024-11-28
Jonathan Burns,271-533-9055x257,2024-11-07
Jonathan Burns,271-533-9055x257,2024-01-05
Jonathan Burns,271-533-9055x257,2024-10-23
Jonathan Burns,271-533-9055x257,2024-12-17
Jonathan Burns,271-533-9055x257,2024-03-10
Jonathan Burns,271-533-9055x257,2024-02-21
Courtney Macdonald,001-556-560-2592x342,2024-08-18
Courtney Macdonald,001-556-560-2592x342,2024-05-07
Courtney Macdonald,001-556-560-2592x342,2024-08-26
Courtney Macdonald,001-556-560-2592x342,2024-01-24
Courtney Macdonald,001-556-560-2592x342,2024-08-28
Courtney Macdonald,001-556-560-2592x342,2024-04-26
Loretta Esparza,524-486-6532x4530,2024-07-14
Loretta Esparza,524-486-6532x4530,2024-09-30
Loretta Esparza,524-486-6532x4530,2024-10-26
Loretta Esparza,524-486-6532x4530,2024-03-23
Loretta Esparza,524-486-6532x4530,2024-06-18
Loretta Esparza,524-486-6532x4530,2024-06-06
Loretta Esparza,524-486-6532x4530,2024-11-25
Loretta Esparza,524-486-6532x4530,2024-11-20
Loretta Esparza,524-486-6532x4530,2024-07-14
Brandon Dixon,571.376.2735x780,2024-12-23
Brandon Dixon,571.376.2735x780,2024-01-30
Devin Williams,439.863.9017,2024-11-23
Devin Williams,439.863.9017,2024-07-31
Devin Williams,439.863.9017,2024-12-12
Devin Williams,439.863.9017,2024-10-10
Devin Williams,439.863.9017,2024-03-23
Sarah Rodriguez,(676)672-9878x42711,2024-04-12
Sarah Rodriguez,(676)672-9878x42711,2024-09-13
Sarah Rodriguez,(676)672-9878x42711,2024-06-27
Sarah Rodriguez,(676)672-9878x42711,2024-09-26
Sarah Rodriguez,(676)672-9878x42711,2024-08-17
Sarah Rodriguez,(676)672-9878x42711,2024-12-13
Sarah Rodriguez,(676)672-9878x42711,2024-07-26
Sarah Rodriguez,(676)672-9878x42711,2024-06-18
Sarah Rodriguez,(676)672-9878x42711,2024-02-21
Sarah Rodriguez,(676)672-9878x42711,2024-09-29
Breanna Oliver,359-374-7430x797,2024-08-18
Breanna Oliver,359-374-7430x797,2024-03-14
Breanna Oliver,359-374-7430x797,2024-09-08
Breanna Oliver,359-374-7430x797,2024-07-31
Breanna Oliver,359-374-7430x797,2024-10-19
Elizabeth Dickerson,(295)314-7464x38983,2024-02-12
Elizabeth Dickerson,(295)314-7464x38983,2024-06-17
Elizabeth Dickerson,(295)314-7464x38983,2024-05-15
Elizabeth Dickerson,(295)314-7464x38983,2024-07-02
Elizabeth Dickerson,(295)314-7464x38983,2024-04-10
Elizabeth Dickerson,(295)314-7464x38983,2024-01-16
Elizabeth Dickerson,(295)314-7464x38983,2024-06-17
Elizabeth Dickerson,(295)314-7464x38983,2024-01-26
Elizabeth Dickerson,(295)314-7464x38983,2024-07-04
Elizabeth Dickerson,(295)314-7464x38983,2024-08-27
Kimberly Gibson,297.899.4977,2024-06-11
Kimberly Gibson,297.899.4977,2024-08-04
Kimberly Gibson,297.899.4977,2024-09-26
Kimberly Gibson,297.899.4977,2024-01-16
Kimberly Gibson,297.899.4977,2024-11-09
Stacie Johnson,533.655.4446x8589,2024-12-11
Stacie Johnson,533.655.4446x8589,2024-12-09
Stacie Johnson,533.655.4446x8589,2024-01-19
Stacie Johnson,533.655.4446x8589,2024-09-12
Stacie Johnson,533.655.4446x8589,2024-02-17
Stacie Johnson,533.655.4446x8589,2024-12-20
Stacie Johnson,533.655.4446x8589,2024-07-26
Dana Hodge,763-464-8201,2024-03-14
Dana Hodge,763-464-8201,2024-05-16
Dana Hodge,763-464-8201,2024-06-24
Dana Hodge,763-464-8201,2024-01-18
Dana Hodge,763-464-8201,2024-11-20
Dana Hodge,763-464-8201,2024-11-01
Brian Ball,(502)891-8027x568,2024-03-06
Brian Ball,(502)891-8027x568,2024-10-24
Brian Ball,(502)891-8027x568,2024-08-08
Brian Ball,(502)891-8027x568,2024-03-08
Brian Ball,(502)891-8027x568,2024-03-28
Brian Ball,(502)891-8027x568,2024-11-05
Brian Ball,(502)891-8027x568,2024-12-29
Brian Ball,(502)891-8027x568,2024-06-29
Richard Green,730.597.0558x892,2024-03-29
Richard Green,730.597.0558x892,2024-04-23
Richard Green,730.597.0558x892,2024-10-05
Richard Green,730.597.0558x892,2024-10-31
Richard Green,730.597.0558x892,2024-09-08
Sharon Barker,+1-297-457-5736x701,2024-05-17
Sharon Barker,+1-297-457-5736x701,2024-09-01
Christopher Williams,2997563773,2024-07-15
Christopher Williams,2997563773,2024-04-01
Christopher Williams,2997563773,2024-11-23
Christopher Williams,2997563773,2024-03-29
Christopher Williams,2997563773,2024-10-09
Christopher Williams,2997563773,2024-11-28
Christopher Williams,2997563773,2024-12-31
Christopher Williams,2997563773,2024-02-13
Christopher Williams,2997563773,2024-02-02
Jeff Perez,4812704053,2024-07-12
Jeff Perez,4812704053,2024-05-27
Jeff Perez,4812704053,2024-08-30
Jeff Perez,4812704053,2024-03-01
Jeff Perez,4812704053,2024-05-02
Jeff Perez,4812704053,2024-09-27
Jeff Perez,4812704053,2024-04-13
Jeff Perez,4812704053,2024-08-29
Jeff Perez,4812704053,2024-10-21
Andrew Duffy,214.378.5973x0941,2024-10-29
Kyle Ward,+1-869-426-9646x48069,2024-04-25
Kyle Ward,+1-869-426-9646x48069,2024-08-10
Kyle Ward,+1-869-426-9646x48069,2024-04-14
Kyle Ward,+1-869-426-9646x48069,2024-02-15
Kyle Ward,+1-869-426-9646x48069,2024-07-14
Kyle Ward,+1-869-426-9646x48069,2024-10-02
Jessica Gibbs,(942)408-4813,2024-01-13
Jessica Gibbs,(942)408-4813,2024-01-03
Jessica Gibbs,(942)408-4813,2024-10-01
Jessica Gibbs,(942)408-4813,2024-07-23
Jessica Gibbs,(942)408-4813,2024-05-10
Aaron Brown,(908)805-4466x6012,2024-03-10
Aaron Brown,(908)805-4466x6012,2024-11-17
Aaron Brown,(908)805-4466x6012,2024-05-19
Aaron Brown,(908)805-4466x6012,2024-05-27
Aaron Brown,(908)805-4466x6012,2024-09-23
Aaron Brown,(908)805-4466x6012,2024-08-11
Aaron Brown,(908)805-4466x6012,2024-09-29
Pamela Hart,(621)814-9776,2024-04-20
Pamela Hart,(621)814-9776,2024-05-10
Pamela Hart,(621)814-9776,2024-11-06
Pamela Hart,(621)814-9776,2024-03-04
Pamela Hart,(621)814-9776,2024-05-03
Pamela Hart,(621)814-9776,2024-07-08
Pamela Hart,(621)814-9776,2024-12-24
Julie Cooke,816-414-9653x3950,2024-08-05
Julie Cooke,816-414-9653x3950,2024-02-23
Julie Cooke,816-414-9653x3950,2024-09-21
Julie Cooke,816-414-9653x3950,2024-11-27
Julie Cooke,816-414-9653x3950,2024-08-18
Jason Barrett,432-454-2690,2024-01-21
Jason Barrett,432-454-2690,2024-05-11
Jason Barrett,432-454-2690,2024-07-19
Jason Barrett,432-454-2690,2024-11-28
Jason Barrett,432-454-2690,2024-09-07
Jason Barrett,432-454-2690,2024-09-30
Jason Barrett,432-454-2690,2024-11-15
Jason Barrett,432-454-2690,2024-09-23
Jason Barrett,432-454-2690,2024-01-26
Jason Barrett,432-454-2690,2024-05-28
Lisa Holland,(455)513-4131x500,2024-06-12
Lisa Holland,(455)513-4131x500,2024-04-19
Lisa Holland,(455)513-4131x500,2024-01-22
Lisa Holland,(455)513-4131x500,2024-12-16
Selena Swanson,666.777.8089x975,2024-12-03
Selena Swanson,666.777.8089x975,2024-09-07
Selena Swanson,666.777.8089x975,2024-07-26
Selena Swanson,666.777.8089x975,2024-06-23
Selena Swanson,666.777.8089x975,2024-06-17
James Ross DVM,001-509-863-8920x561,2024-11-08
James Ross DVM,001-509-863-8920x561,2024-06-16
Lisa Randolph,+1-459-919-2252x788,2024-09-19
Lisa Randolph,+1-459-919-2252x788,2024-05-21
Lisa Randolph,+1-459-919-2252x788,2024-05-17
Lisa Randolph,+1-459-919-2252x788,2024-07-19
Lisa Randolph,+1-459-919-2252x788,2024-06-16
Lisa Randolph,+1-459-919-2252x788,2024-04-04
Lisa Randolph,+1-459-919-2252x788,2024-05-14
Lisa Randolph,+1-459-919-2252x788,2024-07-31
Janet Reid,001-488-974-4964x96414,2024-05-05
Janet Reid,001-488-974-4964x96414,2024-03-30
Janet Reid,001-488-974-4964x96414,2024-06-30
Janet Reid,001-488-974-4964x96414,2024-03-06
Janet Reid,001-488-974-4964x96414,2024-06-19
Janet Reid,001-488-974-4964x96414,2024-11-29
Janet Reid,001-488-974-4964x96414,2024-06-23
Janet Reid,001-488-974-4964x96414,2024-02-11
Joshua Patel,660.975.6545x1256,2024-10-04
Joshua Patel,660.975.6545x1256,2024-08-01
Joshua Patel,660.975.6545x1256,2024-02-20
Joshua Patel,660.975.6545x1256,2024-07-20
Joshua Patel,660.975.6545x1256,2024-12-29
Joshua Patel,660.975.6545x1256,2024-04-02
Joshua Patel,660.975.6545x1256,2024-03-28
Joshua Patel,660.975.6545x1256,2024-06-05
Joshua Patel,660.975.6545x1256,2024-01-30
Michael Lowe,9984116095,2024-04-17
Michael Lowe,9984116095,2024-05-19
Michael Lowe,9984116095,2024-10-31
Michael Lowe,9984116095,2024-03-05
Michael Lowe,9984116095,2024-12-15
Lisa Oliver,384-708-6329,2024-05-10
Lisa Oliver,384-708-6329,2024-02-02
Lisa Oliver,384-708-6329,2024-12-03
Willie Nolan,+1-280-474-3673x578,2024-04-03
Willie Nolan,+1-280-474-3673x578,2024-07-01
Willie Nolan,+1-280-474-3673x578,2024-05-15
Willie Nolan,+1-280-474-3673x578,2024-05-14
Willie Nolan,+1-280-474-3673x578,2024-05-09
Willie Nolan,+1-280-474-3673x578,2024-08-20
Willie Nolan,+1-280-474-3673x578,2024-09-25
Katherine Blackwell,9279286916,2024-08-15
Katherine Blackwell,9279286916,2024-07-14
Katherine Blackwell,9279286916,2024-08-11
Katherine Blackwell,9279286916,2024-08-05
Katherine Blackwell,9279286916,2024-08-06
Katherine Blackwell,9279286916,2024-12-26
Peter Butler,214-204-8570,2024-06-02
Peter Butler,214-204-8570,2024-10-27
Peter Butler,214-204-8570,2024-12-15
Peter Butler,214-204-8570,2024-02-10
Peter Butler,214-204-8570,2024-04-19
Peter Butler,214-204-8570,2024-11-08
Peter Butler,214-204-8570,2024-12-30
Peter Butler,214-204-8570,2024-11-01
Peter Butler,214-204-8570,2024-05-04
Patricia Turner,(514)560-4577x1311,2024-08-16
Patricia Turner,(514)560-4577x1311,2024-07-26
Patricia Turner,(514)560-4577x1311,2024-08-16
Patricia Turner,(514)560-4577x1311,2024-09-13
Patricia Turner,(514)560-4577x1311,2024-08-26
Patricia Turner,(514)560-4577x1311,2024-06-11
Patricia Turner,(514)560-4577x1311,2024-04-09
Patricia Turner,(514)560-4577x1311,2024-12-06
Linda Walker,(790)850-3824,2024-02-05
Emily Burch,(957)345-5142,2024-02-12
Emily Burch,(957)345-5142,2024-10-28
Emily Burch,(957)345-5142,2024-10-15
Emily Burch,(957)345-5142,2024-03-14
Emily Burch,(957)345-5142,2024-02-10
Emily Burch,(957)345-5142,2024-01-25
David Foley,+1-538-695-0256x602,2024-12-18
David Foley,+1-538-695-0256x602,2024-10-01
David Foley,+1-538-695-0256x602,2024-07-21
David Foley,+1-538-695-0256x602,2024-04-13
David Foley,+1-538-695-0256x602,2024-03-13
Kurt Burch,853-680-7311,2024-08-20
Kurt Burch,853-680-7311,2024-07-24
Kurt Burch,853-680-7311,2024-07-07
Kurt Burch,853-680-7311,2024-10-21
Kurt Burch,853-680-7311,2024-03-25
Amy Johnson,999.943.4673x72399,2024-02-19
Amy Johnson,999.943.4673x72399,2024-01-30
Amy Johnson,999.943.4673x72399,2024-08-31
Amy Johnson,999.943.4673x72399,2024-12-20
Amy Johnson,999.943.4673x72399,2024-05-03
Amy Johnson,999.943.4673x72399,2024-08-29
Andrew Reynolds,410.881.7800,2024-10-01
Andrew Reynolds,410.881.7800,2024-12-23
Andrew Reynolds,410.881.7800,2024-05-28
Andrew Reynolds,410.881.7800,2024-10-17
Andrew Reynolds,410.881.7800,2024-12-22
Andrew Reynolds,410.881.7800,2024-04-04
Andrew Reynolds,410.881.7800,2024-04-02
Andrew Reynolds,410.881.7800,2024-06-30
Angela Matthews,949-608-5240x9842,2024-04-19
Jennifer Garcia,530-958-1693,2024-09-02
Jennifer Garcia,530-958-1693,2024-10-01
Jennifer Garcia,530-958-1693,2024-08-20
Jennifer Garcia,530-958-1693,2024-09-08
Jennifer Garcia,530-958-1693,2024-01-18
Jennifer Garcia,530-958-1693,2024-08-29
Jennifer Garcia,530-958-1693,2024-04-19
Jennifer Garcia,530-958-1693,2024-07-11
Jennifer Garcia,530-958-1693,2024-02-08
Jennifer Garcia,530-958-1693,2024-11-15
Phillip Nelson,9265567170,2024-04-19
Phillip Nelson,9265567170,2024-12-13
Phillip Nelson,9265567170,2024-03-12
Phillip Nelson,9265567170,2024-01-23
Phillip Nelson,9265567170,2024-10-23
Phillip Nelson,9265567170,2024-08-28
Phillip Nelson,9265567170,2024-06-13
John Walker,+1-891-268-5546x88508,2024-05-14
John Walker,+1-891-268-5546x88508,2024-09-23
John Walker,+1-891-268-5546x88508,2024-05-09
John Walker,+1-891-268-5546x88508,2024-07-05
John Walker,+1-891-268-5546x88508,2024-01-04
John Walker,+1-891-268-5546x88508,2024-04-02
John Walker,+1-891-268-5546x88508,2024-01-26
John Walker,+1-891-268-5546x88508,2024-08-30
John Walker,+1-891-268-5546x88508,2024-02-12
John Walker,+1-891-268-5546x88508,2024-12-16
Jamie Miller Jr.,413.883.7610x407,2024-02-20
Jamie Miller Jr.,413.883.7610x407,2024-07-24
Jamie Miller Jr.,413.883.7610x407,2024-04-24
Jamie Miller Jr.,413.883.7610x407,2024-05-15
Jamie Miller Jr.,413.883.7610x407,2024-03-27
Jamie Miller Jr.,413.883.7610x407,2024-11-24
Jamie Miller Jr.,413.883.7610x407,2024-11-13
Jamie Miller Jr.,413.883.7610x407,2024-03-04
Juan Reese,+1-773-446-1073x88525,2024-03-04
Juan Reese,+1-773-446-1073x88525,2024-06-14
Juan Reese,+1-773-446-1073x88525,2024-07-21
Juan Reese,+1-773-446-1073x88525,2024-03-25
Juan Reese,+1-773-446-1073x88525,2024-11-13
Juan Reese,+1-773-446-1073x88525,2024-09-22
Juan Reese,+1-773-446-1073x88525,2024-01-07
Juan Reese,+1-773-446-1073x88525,2024-05-19
Juan Reese,+1-773-446-1073x88525,2024-06-10
Alyssa Moore DVM,6377331204,2024-05-12
Alyssa Moore DVM,6377331204,2024-12-26
Alyssa Moore DVM,6377331204,2024-07-15
Alyssa Moore DVM,6377331204,2024-09-20
Alyssa Moore DVM,6377331204,2024-01-07
Alyssa Moore DVM,6377331204,2024-12-12
Alyssa Moore DVM,6377331204,2024-04-23
Kristina Santana,287.841.4114,2024-12-28
Kristina Santana,287.841.4114,2024-10-06
Kristina Santana,287.841.4114,2024-06-30
David Smith,001-600-252-7595,2024-01-03
David Smith,001-600-252-7595,2024-09-02
David Smith,001-600-252-7595,2024-07-23
David Smith,001-600-252-7595,2024-11-02
David Smith,001-600-252-7595,2024-12-28
David Smith,001-600-252-7595,2024-10-26
David Smith,001-600-252-7595,2024-04-20
David Smith,001-600-252-7595,2024-11-26
David Smith,001-600-252-7595,2024-02-04
Robert Santos,894-320-3326,2024-06-18
Robert Santos,894-320-3326,2024-02-29
Robert Santos,894-320-3326,2024-07-28
Robert Santos,894-320-3326,2024-10-31
Robert Santos,894-320-3326,2024-01-16
Cory Craig,724-558-6042,2024-05-20
Cory Craig,724-558-6042,2024-09-02
Cory Craig,724-558-6042,2024-03-02
Cory Craig,724-558-6042,2024-04-04
Cory Craig,724-558-6042,2024-01-31
Cory Craig,724-558-6042,2024-09-12
Cory Craig,724-558-6042,2024-09-03
Cory Craig,724-558-6042,2024-06-29
Robert Odom,(428)374-1973,2024-06-01
Robert Odom,(428)374-1973,2024-12-21
Robert Odom,(428)374-1973,2024-12-18
Robert Odom,(428)374-1973,2024-12-02
Robert Odom,(428)374-1973,2024-06-14
Ryan Leonard,800.211.2792x08008,2024-12-15
Ryan Leonard,800.211.2792x08008,2024-11-14
Ryan Leonard,800.211.2792x08008,2024-04-18
Ryan Leonard,800.211.2792x08008,2024-09-03
Ryan Leonard,800.211.2792x08008,2024-06-29
Miranda Hernandez,3565665852,2024-07-15
Miranda Hernandez,3565665852,2024-10-13
Miranda Hernandez,3565665852,2024-10-16
Miranda Hernandez,3565665852,2024-01-30
Miranda Hernandez,3565665852,2024-04-23
Miranda Hernandez,3565665852,2024-12-21
Jamie Mcgee,(814)426-7543x026,2024-05-27
Elizabeth Snyder,615-697-3180x26495,2024-09-12
Elizabeth Snyder,615-697-3180x26495,2024-04-24
Elizabeth Snyder,615-697-3180x26495,2024-04-02
Elizabeth Snyder,615-697-3180x26495,2024-08-29
Elizabeth Snyder,615-697-3180x26495,2024-09-07
Julia Daniels,001-666-476-7268x49534,2024-09-04
Julia Daniels,001-666-476-7268x49534,2024-01-18
Julia Daniels,001-666-476-7268x49534,2024-02-25
Julia Daniels,001-666-476-7268x49534,2024-03-20
Julia Daniels,001-666-476-7268x49534,2024-01-22
Julia Daniels,001-666-476-7268x49534,2024-03-30
Lance King,(774)438-0315,2024-03-07
Lance King,(774)438-0315,2024-06-29
Lance King,(774)438-0315,2024-05-21
Lance King,(774)438-0315,2024-07-20
Lance King,(774)438-0315,2024-02-17
Lance King,(774)438-0315,2024-08-26
Lance King,(774)438-0315,2024-10-09
Lance King,(774)438-0315,2024-03-24
Lance King,(774)438-0315,2024-03-17
Lance King,(774)438-0315,2024-12-12
Crystal Rogers,+1-552-247-8496,2024-06-27
Crystal Rogers,+1-552-247-8496,2024-02-14
Crystal Rogers,+1-552-247-8496,2024-01-06
Crystal Rogers,+1-552-247-8496,2024-12-06
Crystal Rogers,+1-552-247-8496,2024-08-24
Luis Nelson,281-476-5042,2024-02-10
Luis Nelson,281-476-5042,2024-09-05
Luis Nelson,281-476-5042,2024-08-20
Luis Nelson,281-476-5042,2024-10-17
Jessica Mooney,001-681-828-8933,2024-10-02
Jessica Mooney,001-681-828-8933,2024-01-06
Jessica Mooney,001-681-828-8933,2024-02-20
Jessica Mooney,001-681-828-8933,2024-08-14
Jessica Mooney,001-681-828-8933,2024-05-06
Jessica Mooney,001-681-828-8933,2024-07-02
Jessica Mooney,001-681-828-8933,2024-05-30
Sabrina Wong,602-907-6397x227,2024-07-08
Sabrina Wong,602-907-6397x227,2024-12-06
Sabrina Wong,602-907-6397x227,2024-05-31
Sabrina Wong,602-907-6397x227,2024-04-09
Sabrina Wong,602-907-6397x227,2024-04-06
Deborah Rogers,001-930-877-9736x1591,2024-09-07
Michael West,(225)653-6687x561,2024-09-05
Michael West,(225)653-6687x561,2024-09-30
Michael West,(225)653-6687x561,2024-08-24
Lori Bowman,289-396-3097,2024-04-09
Lori Bowman,289-396-3097,2024-06-13
Lori Bowman,289-396-3097,2024-10-12
Lori Bowman,289-396-3097,2024-10-07
Lori Bowman,289-396-3097,2024-09-17
Lori Bowman,289-396-3097,2024-10-02
Lori Bowman,289-396-3097,2024-12-21
Jill Reed,(877)292-0525,2024-01-25
Jill Reed,(877)292-0525,2024-06-02
Jill Reed,(877)292-0525,2024-11-06
Michael Pope,2399812924,2024-07-21
Michael Pope,2399812924,2024-04-12
Michael Pope,2399812924,2024-03-16
Michael Pope,2399812924,2024-02-06
Michael Pope,2399812924,2024-10-30
Michael Pope,2399812924,2024-08-07
Michael Pope,2399812924,2024-10-13
Michael Pope,2399812924,2024-03-18
Michael Pope,2399812924,2024-01-31
Marc Phillips,286.440.3906,2024-06-05
Marc Phillips,286.440.3906,2024-12-31
Marc Phillips,286.440.3906,2024-04-19
Marc Phillips,286.440.3906,2024-01-01
Marc Phillips,286.440.3906,2024-09-12
Marc Phillips,286.440.3906,2024-11-09
Marc Phillips,286.440.3906,2024-06-13
Marc Phillips,286.440.3906,2024-02-12
Marc Phillips,286.440.3906,2024-02-24
Andrea Beck,380-293-4152x90514,2024-12-08
Andrea Beck,380-293-4152x90514,2024-11-29
Andrea Beck,380-293-4152x90514,2024-11-17
Andrea Beck,380-293-4152x90514,2024-03-24
Andrea Beck,380-293-4152x90514,2024-03-20
Andrea Beck,380-293-4152x90514,2024-05-15
Andrea Beck,380-293-4152x90514,2024-11-05
Andrea Beck,380-293-4152x90514,2024-08-23
Andrea Beck,380-293-4152x90514,2024-08-11
Andrea Beck,380-293-4152x90514,2024-05-21
Elijah Jackson,253.389.6657x981,2024-08-03
Elijah Jackson,253.389.6657x981,2024-07-27
Elijah Jackson,253.389.6657x981,2024-02-12
Connor Weaver,698.910.5122x11715,2024-04-23
Connor Weaver,698.910.5122x11715,2024-01-27
Connor Weaver,698.910.5122x11715,2024-01-21
Connor Weaver,698.910.5122x11715,2024-10-29
Connor Weaver,698.910.5122x11715,2024-04-10
Connor Weaver,698.910.5122x11715,2024-08-20
Connor Weaver,698.910.5122x11715,2024-03-14
Connor Weaver,698.910.5122x11715,2024-12-10
Connor Weaver,698.910.5122x11715,2024-06-09
Connor Weaver,698.910.5122x11715,2024-04-29
Holly Lopez,001-434-207-4377x54591,2024-08-15
Holly Lopez,001-434-207-4377x54591,2024-05-05
Holly Lopez,001-434-207-4377x54591,2024-07-08
Holly Lopez,001-434-207-4377x54591,2024-03-20
Holly Lopez,001-434-207-4377x54591,2024-09-25
Holly Lopez,001-434-207-4377x54591,2024-01-06
Holly Lopez,001-434-207-4377x54591,2024-04-14
Sonya Dominguez,001-585-410-9803x8560,2024-02-10
Sonya Dominguez,001-585-410-9803x8560,2024-07-10
Sonya Dominguez,001-585-410-9803x8560,2024-01-24
Sonya Dominguez,001-585-410-9803x8560,2024-05-05
Sonya Dominguez,001-585-410-9803x8560,2024-08-23
Sonya Dominguez,001-585-410-9803x8560,2024-11-14
Sonya Dominguez,001-585-410-9803x8560,2024-03-31
Sonya Dominguez,001-585-410-9803x8560,2024-11-27
Sonya Dominguez,001-585-410-9803x8560,2024-12-07
John Barnes,+1-968-670-5288x4433,2024-09-22
John Barnes,+1-968-670-5288x4433,2024-11-25
John Barnes,+1-968-670-5288x4433,2024-04-16
Kevin Soto,001-276-816-9970x65440,2024-04-20
Kevin Soto,001-276-816-9970x65440,2024-02-14
Steven Wiggins,399.901.3851,2024-02-18
Sydney Powers,365.850.0844x99078,2024-03-22
Sydney Powers,365.850.0844x99078,2024-12-28
Sydney Powers,365.850.0844x99078,2024-07-08
Sydney Powers,365.850.0844x99078,2024-12-18
Sydney Powers,365.850.0844x99078,2024-09-14
Sydney Powers,365.850.0844x99078,2024-07-03
Charles Riddle,(994)691-5978x1981,2024-01-02
Charles Riddle,(994)691-5978x1981,2024-10-31
Charles Riddle,(994)691-5978x1981,2024-06-30
Charles Riddle,(994)691-5978x1981,2024-03-14
Charles Riddle,(994)691-5978x1981,2024-02-17
Charles Riddle,(994)691-5978x1981,2024-04-27
Charles Riddle,(994)691-5978x1981,2024-04-01
Charles Riddle,(994)691-5978x1981,2024-12-15
Ethan Lucero,001-353-536-7765x03376,2024-03-27
Ethan Lucero,001-353-536-7765x03376,2024-02-29
Ethan Lucero,001-353-536-7765x03376,2024-03-24
Ethan Lucero,001-353-536-7765x03376,2024-09-16
Ethan Lucero,001-353-536-7765x03376,2024-02-22
Ethan Lucero,001-353-536-7765x03376,2024-07-01
Ethan Lucero,001-353-536-7765x03376,2024-10-18
Ethan Lucero,001-353-536-7765x03376,2024-08-15
Ethan Lucero,001-353-536-7765x03376,2024-07-22
Jamie Harris,001-633-806-1735x99323,2024-02-17
Linda Mclaughlin,688.918.6578,2024-03-26
Linda Mclaughlin,688.918.6578,2024-12-18
Linda Mclaughlin,688.918.6578,2024-07-15
Linda Mclaughlin,688.918.6578,2024-05-02
Linda Mclaughlin,688.918.6578,2024-02-29
Linda Mclaughlin,688.918.6578,2024-10-16
Linda Mclaughlin,688.918.6578,2024-05-20
Sandy Briggs,886.792.6546x9304,2024-05-09
Sandy Briggs,886.792.6546x9304,2024-04-18
Sandy Briggs,886.792.6546x9304,2024-05-30
Sandy Briggs,886.792.6546x9304,2024-11-26
Sandy Briggs,886.792.6546x9304,2024-09-09
Sandy Briggs,886.792.6546x9304,2024-07-31
Sandy Briggs,886.792.6546x9304,2024-10-16
Daniel Cooper,6143765287,2024-10-22
Christopher Lloyd,001-210-387-1272x491,2024-03-31
Christopher Lloyd,001-210-387-1272x491,2024-08-21
Christopher Lloyd,001-210-387-1272x491,2024-02-08
Christopher Lloyd,001-210-387-1272x491,2024-02-21
Christopher Lloyd,001-210-387-1272x491,2024-02-27
Christopher Lloyd,001-210-387-1272x491,2024-12-01
Christopher Lloyd,001-210-387-1272x491,2024-09-22
Stephanie Lambert,6364678328,2024-11-26
Stephanie Lambert,6364678328,2024-05-10
Stephanie Lambert,6364678328,2024-10-06
Stephanie Lambert,6364678328,2024-11-04
Stephanie Lambert,6364678328,2024-07-13
Stephanie Lambert,6364678328,2024-04-17
Stephanie Lambert,6364678328,2024-02-22
Ricky Hopkins,725.706.4146x402,2024-05-19
Ricky Hopkins,725.706.4146x402,2024-09-01
Ricky Hopkins,725.706.4146x402,2024-04-03
Ricky Hopkins,725.706.4146x402,2024-07-01
Ricky Hopkins,725.706.4146x402,2024-07-25
Ricky Hopkins,725.706.4146x402,2024-04-07
Ricky Hopkins,725.706.4146x402,2024-12-10
Ricky Hopkins,725.706.4146x402,2024-04-29
Ricky Hopkins,725.706.4146x402,2024-05-08
Ricky Hopkins,725.706.4146x402,2024-01-14
Miss Lisa Adams,468.811.9210x109,2024-08-26
Kimberly Winters,780-996-3894,2024-07-28
Kimberly Winters,780-996-3894,2024-04-24
Kimberly Winters,780-996-3894,2024-07-07
Kimberly Winters,780-996-3894,2024-04-13
Kimberly Winters,780-996-3894,2024-02-20
Kimberly Winters,780-996-3894,2024-11-19
Kimberly Winters,780-996-3894,2024-04-30
David Rodriguez,681.233.3595x0731,2024-04-01
David Rodriguez,681.233.3595x0731,2024-12-31
David Rodriguez,681.233.3595x0731,2024-03-23
David Rodriguez,681.233.3595x0731,2024-03-02
David Rodriguez,681.233.3595x0731,2024-07-31
David Rodriguez,681.233.3595x0731,2024-06-30
David Rodriguez,681.233.3595x0731,2024-06-04
David Rodriguez,681.233.3595x0731,2024-09-11
Doris Mejia,001-858-214-3738,2024-07-31
Ashley Gomez,(204)486-0013x9716,2024-01-07
Ashley Gomez,(204)486-0013x9716,2024-05-18
Ashley Gomez,(204)486-0013x9716,2024-01-10
Ashley Gomez,(204)486-0013x9716,2024-09-18
Ashley Gomez,(204)486-0013x9716,2024-05-16
Ashley Gomez,(204)486-0013x9716,2024-01-30
Ashley Gomez,(204)486-0013x9716,2024-04-05
Ashley Gomez,(204)486-0013x9716,2024-12-15
Ashley Gomez,(204)486-0013x9716,2024-10-20
Joshua Roth,561.851.9597x3810,2024-09-02
Joshua Roth,561.851.9597x3810,2024-03-21
Joshua Roth,561.851.9597x3810,2024-10-07
Dr. Matthew Martinez,516-879-5357x66425,2024-06-26
Dr. Matthew Martinez,516-879-5357x66425,2024-05-02
Dr. Matthew Martinez,516-879-5357x66425,2024-01-28
Dr. Matthew Martinez,516-879-5357x66425,2024-07-12
Dr. Matthew Martinez,516-879-5357x66425,2024-11-16
Dr. Matthew Martinez,516-879-5357x66425,2024-02-19
Dr. Matthew Martinez,516-879-5357x66425,2024-03-13
Dr. Matthew Martinez,516-879-5357x66425,2024-12-18
Chad Brown,237-224-9806,2024-01-06
Chad Brown,237-224-9806,2024-11-20
David Lucero,271-206-9538x8350,2024-01-11
David Lucero,271-206-9538x8350,2024-11-12
David Lucero,271-206-9538x8350,2024-12-21
David Lucero,271-206-9538x8350,2024-08-10
David Lucero,271-206-9538x8350,2024-03-14
David Lucero,271-206-9538x8350,2024-01-13
David Lucero,271-206-9538x8350,2024-10-13
David Lucero,271-206-9538x8350,2024-11-15
Jonathon Smith,807-313-7975x423,2024-02-01
Jonathon Smith,807-313-7975x423,2024-11-29
Jonathon Smith,807-313-7975x423,2024-03-25
Jonathon Smith,807-313-7975x423,2024-08-08
Jonathon Smith,807-313-7975x423,2024-06-26
Jonathon Smith,807-313-7975x423,2024-10-16
Jonathon Smith,807-313-7975x423,2024-05-31
Jonathon Smith,807-313-7975x423,2024-07-01
Rebecca Andrews,773-404-1229x1710,2024-01-30
Rebecca Andrews,773-404-1229x1710,2024-05-27
Rebecca Andrews,773-404-1229x1710,2024-01-03
Rebecca Andrews,773-404-1229x1710,2024-08-14
Rebecca Andrews,773-404-1229x1710,2024-05-20
Rebecca Andrews,773-404-1229x1710,2024-05-27
Rebecca Andrews,773-404-1229x1710,2024-05-03
Rebecca Andrews,773-404-1229x1710,2024-12-09
Rebecca Andrews,773-404-1229x1710,2024-08-16
Rebecca Andrews,773-404-1229x1710,2024-05-07
Kurt Yang,001-495-808-6221x22582,2024-04-02
Kurt Yang,001-495-808-6221x22582,2024-09-09
Kurt Yang,001-495-808-6221x22582,2024-06-18
Kurt Yang,001-495-808-6221x22582,2024-10-04
Kurt Yang,001-495-808-6221x22582,2024-03-05
Kurt Yang,001-495-808-6221x22582,2024-12-27
Kurt Yang,001-495-808-6221x22582,2024-10-10
Kurt Yang,001-495-808-6221x22582,2024-09-10
Jeremy Moon,5498863897,2024-09-02
Jeremy Moon,5498863897,2024-04-14
Jeremy Moon,5498863897,2024-09-10
Jeremy Moon,5498863897,2024-02-08
Jeremy Moon,5498863897,2024-02-19
Jeremy Moon,5498863897,2024-03-28
Casey Wilson,(685)387-6298x00030,2024-10-07
Casey Wilson,(685)387-6298x00030,2024-03-27
Casey Wilson,(685)387-6298x00030,2024-10-26
Megan Tate,8417885548,2024-05-25
Megan Tate,8417885548,2024-12-30
Megan Tate,8417885548,2024-09-03
